{
    "keep": {
        "days": true,
        "amount": 14
    },
    "auditLog": "C:\\Users\\admin\\Desktop\\Gopal\\Workspace\\demo-projects\\scalelot-be\\logs\\.5fbe2a894b4122926e6f3464b44440fbaa5c2381-audit.json",
    "files": [
        {
            "date": 1650973726010,
            "name": "C:\\Users\\admin\\Desktop\\Gopal\\Workspace\\demo-projects\\scalelot-be\\logs\\2022-04-26.log",
            "hash": "89d69bcb00d8cd9d40608e7d431a632d"
        },
        {
            "date": 1651047967731,
            "name": "C:\\Users\\admin\\Desktop\\Gopal\\Workspace\\demo-projects\\scalelot-be\\logs\\2022-04-27.log",
            "hash": "5030e01d6d0bc3146f8442aa2d0b5af7"
        },
        {
            "date": 1651135518325,
            "name": "C:\\Users\\admin\\Desktop\\Gopal\\Workspace\\demo-projects\\scalelot-be\\logs\\2022-04-28.log",
            "hash": "1ed802fb05ac8dcdfaf1f8519dfa8b23"
        },
        {
            "date": 1651230680647,
            "name": "C:\\Users\\admin\\Desktop\\Gopal\\Workspace\\demo-projects\\scalelot-be\\logs\\2022-04-29.log",
            "hash": "f967a234186716ee9cf430434264f9cf"
        }
    ],
    "hashType": "md5"
}