{
    "keep": {
        "days": true,
        "amount": 14
    },
    "auditLog": "E:\\scalelot-be\\logs\\.f36116a9cfa2551af7ec1f19dcb1e676d01362ae-audit.json",
    "files": [
        {
            "date": 1650281106462,
            "name": "E:\\scalelot-be\\logs\\2022-04-18.log",
            "hash": "0d7cb039583a26916dce981c542a0835"
        },
        {
            "date": 1650365170895,
            "name": "E:\\scalelot-be\\logs\\2022-04-19.log",
            "hash": "eabbad2f1be1a08e7ede8dfd181afce5"
        },
        {
            "date": 1650452386107,
            "name": "E:\\scalelot-be\\logs\\2022-04-20.log",
            "hash": "b110afb1365b1d5306f8c657dbdcbc47"
        },
        {
            "date": 1650512093018,
            "name": "E:\\scalelot-be\\logs\\2022-04-21.log",
            "hash": "5ad261e6893d508fb83da5a3ffea683d"
        },
        {
            "date": 1650890273551,
            "name": "E:\\scalelot-be\\logs\\2022-04-25.log",
            "hash": "aca38a27ddcc8160e5d475654f9eb740"
        }
    ],
    "hashType": "md5"
}